input,error_type,severity,description,solution
2898323] AH00163: Apache/2.4.52 (Ubuntu) OpenSSL/3.0.2 configured -- resuming normal operations,fatal,error,Apache configuration failed due to an error in OpenSSL.,Check Apache settings and resolve SSL certificate issues.
2898323] AH00094: Command line: '/usr/sbin/apache2',fatal,notice,Command line: '/usr/drst/apache2' (AH00094) indicates an error in starting Apache.,Ensure the user has write permissions for Apache. Check their .htaccess file or modify the command to include appropriate permissions.
3631249] [client 128.199.182.55:48804] AH01630: client denied by server configuration: /var/www/rootly.com/server-status,fatal,error,Client denied access due to server configuration error.,The client was denied access because of a temporary issue related to the server's configuration. Please check the server logs for further details or provide more information if applicable.
3632037] [client 64.23.218.208:60720] AH01630: client denied by server configuration: /var/www/rootly.com/server-status,error,error,/var/www/rootly.com/server-status is denied.,Check the rootly.com server configuration to ensure it's running properly.
2898323] AH00163: Apache/2.4.52 (Ubuntu) OpenSSL/3.0.2 configured -- resuming normal operations,fatal,error,Apache configuration failed due to an error in OpenSSL.,Check Apache settings and resolve SSL certificate issues.
2898323] AH00094: Command line: '/usr/sbin/apache2',fatal,notice,Command line: '/usr/drst/apache2' (AH00094) indicates an error in starting Apache.,Ensure the user has write permissions for Apache. Check their .htaccess file or modify the command to include appropriate permissions.
3614263] [client 167.94.138.188:44188] AH02032: Hostname www.sylvainkalache.com provided via SNI and hostname 15.235.49.49 provided via HTTP have no compatible SSL setup,error,error,The hostname www.sylvainkalache.com provided via SNI and hostname 15.235.49.49 provided via HTTP have no compatible SSL setup.,Ensure the SSL configuration for the hostname is updated to include a valid certificate.
3614152] [client 42.52.32.221:20928] AH10244: invalid URI path (/cgi-bin/.%2e/.%2e/.%2e/.%2e/.%2e/.%2e/.%2e/.%2e/.%2e/.%2e/bin/sh),runtime,error,Invalid URI path detected during request processing.,The system encountered an invalid URI path which may require server updates or application adjustments.
3614151] [client 42.52.32.221:21624] AH10244: invalid URI path (/cgi-bin/%%32%65%%32%65/%%32%65%%32%65/%%32%65%%32%65/%%32%65%%32%65/%%32%65%%32%65/%%32%65%%32%65/%%32%65%%32%65/bin/sh),runtime,warn,Invalid URI path in the network configuration.,Check the network configuration and ensure proper routing or use a different method for accessing the server.
3614262] [client 78.153.140.224:60466] AH10244: invalid URI path (/../.env),,warn,The client encountered an invalid URI path (/../.env) which may be due to incorrect permissions or configuration.,
3614202] [client 115.236.79.230:36324] AH10244: invalid URI path (/cgi-bin/.%2e/.%2e/.%2e/.%2e/.%2e/.%2e/.%2e/.%2e/.%2e/.%2e/bin/sh),fatal,error,Invalid URI path on the server side.,Ensure the URI path points to the correct location on the server.
3618871] [client 115.236.79.230:51478] AH10244: invalid URI path (/cgi-bin/%%32%65%%32%65/%%32%65%%32%65/%%32%65%%32%65/%%32%65%%32%65/%%32%65%%32%65/%%32%65%%32%65/%%32%65%%32%65/bin/sh),runtime,error,invalid URI path,/cgi-bin/%%32%65%%32%65/
3623863] [client 162.158.49.6:54508] AH01630: client denied by server configuration: /var/www/rootly.com/wp-content/uploads/wpcf7_uploads/,runtime,error,/var/www/rootly.com/wp-content/uploads/wpcf7_uploads is not accessible.,Check server logs for misconfigurations or contact a system administrator.
3624704] [client 209.38.208.202:40752] AH01630: client denied by server configuration: /var/www/rootly.com/server-status,fatal,error,client denied access to rootly.com,Check the /var/www/rootly.com/server-status log for server configuration issues.
3623857] [client 150.136.69.140:58487] PHP Warning:  Undefined array key 'HTTP_USER_AGENT' in /var/www/sylvainkalache.com/wp-content/themes/themify-base/themify/themify-functions.php on line 494,no_error,warning,PHP Warning: Undefined array key 'HTTP_USER_AGENT' in /var/www/sylvainkalache.com/wp-content/themes/themify-base/themify-functions.php on line 494.,Ensure the client has a valid HTTP user agent defined.
3623857] [client 150.136.69.140:58487] PHP Warning:  Undefined array key 'HTTP_USER_AGENT' in /var/www/sylvainkalache.com/wp-content/themes/themify-base/themify/themify-functions.php on line 495,no_error,warning,PHP Warning: Undefined array key 'HTTP_USER_AGENT' in /var/www/sylvainkalache.com/wp-content/themes/themify-base/themify-functions.php on line 495.,Check if the PHP version or user agent is compatible with your server environment. Consider updating the PHP extension.
3623857] [client 150.136.69.140:58487] PHP Warning:  Undefined array key 'HTTP_USER_AGENT' in /var/www/sylvainkalache.com/wp-content/themes/themify-base/themify/themify-functions.php on line 496,error,warning,The log indicates an undefined array key 'HTTP_USER_AGENT' in PHP.,"Ensure that the PHP configuration includes the correct value for HTTP_USER_AGENT. If necessary, adjust or use a default value."
3623857] [client 150.136.69.140:58487] PHP Warning:  Undefined array key 'HTTP_USER_AGENT' in /var/www/sylvainkalache.com/wp-content/themes/themify-base/themify/themify-functions.php on line 497,no_error,notice,PHP Warning: Undefined array key 'HTTP_USER_AGENT' in /var/www/sylvainkalache.com/wp-content/themes/themify-base/themify-functions.php on line 497.,Check the PHP version and ensure it's compatible with your user agent.
3623857] [client 150.136.69.140:58487] PHP Warning:  Undefined array key 'HTTP_USER_AGENT' in /var/www/sylvainkalache.com/wp-content/themes/themify-base/themify/themify-functions.php on line 499,error,warning,The log indicates an undefined array key 'HTTP_USER_AGENT' in PHP.,"Ensure that the PHP configuration includes the correct value for HTTP_USER_AGENT. If necessary, adjust or use a default value."
3623857] [client 150.136.69.140:58487] PHP Warning:  Undefined array key 'HTTP_USER_AGENT' in /var/www/sylvainkalache.com/wp-content/themes/themify-base/themify/themify-functions.php on line 494,no_error,notice,PHP Warning: Undefined array key 'HTTP_USER_AGENT' in /var/www/sylvainkalache.com/wp-content/themes/themify-base/themify-functions.php on line 494.,"Check if the PHP extension 'httpuser' is installed. If not, install it using `php artisan install httpuser`."
